product_id,product_name,category
101,Wireless Headphones,Electronics
102,Smart Watch,Electronics
103,Bluetooth Speaker,Electronics
104,Tablet 10 inch,Electronics
105,4K Webcam,Electronics
106,USB-C Hub,Electronics
107,Wireless Mouse,Electronics
108,Mechanical Keyboard,Electronics
109,Laptop Stand,Office
110,Monitor 27 inch,Electronics
